id/bioguide,id/thomas,id/govtrack,social/twitter,social/facebook,social/youtube_id,social/twitter_id,social/youtube,social/instagram,social/instagram_id
R000600,2222,412664,RepAmata,aumuaamata,UCGdrLQbt1PYDTPsampx4t1A,3026622545,,,
Y000064,2019,412428,SenToddYoung,SenatorToddYoung,UCuknj4PGn91gHDNAfboZEgQ,234128524,RepToddYoung,sentoddyoung,
E000295,2283,412667,SenJoniErnst,senjoniernst,UCLwrmtF_84FIcK3TyMs4MIw,2856787757,,senjoniernst,1582702853
T000476,2291,412668,senthomtillis,SenatorThomTillis,UCUD9VGV4SSGWjGdbn37Ea2w,2964174789,,senthomtillis,
Y000062,1853,412211,RepJohnYarmuth,2.14259E+11,UCy5KW4yrEfEiyZRX45Eoxkg,384913290,RepJohnYarmuth,,
Y000033,1256,400440,RepDonYoung,RepDonYoung,UCg5ZIR5-82EbJiNeI1bqT-A,37007274,RepDonYoung,,
W000809,1991,412402,Rep_SteveWomack,RepSteveWomack,UCXJbUDLYX-wGIhRuN66hqZw,234469322,CongressmanWomack,,
W000808,2004,412412,RepWilson,RepWilson,UCP5QBhng_lHv-vJgE_h7lpA,234014087,repfredericawilson,repwilson,
W000806,2002,412410,RepWebster,RepWebster,UCCoX4VdU7U11eGEA0lbRtLw,281540744,repdanwebster,,
W000805,1897,412321,MarkWarner,MarkRWarner,UCwyivNlEGf4sGd1oDLfY5jw,7429102,SenatorMarkWarner,senatorwarner,515327940
W000804,1886,412255,RobWittman,RepRobWittman,UCIqIb-OaTbkIdU426eYIdPg,15356407,RobWittman,reprobwittman,
W000802,1823,412247,SenWhitehouse,SenatorWhitehouse,UCnG0N70SNBkNqvIMLodPTIA,242555999,SenatorWhitehouse,SenWhitehouse,
W000800,1879,412239,PeterWelch,PeterWelch,UC0YfApJx6qNaAQ-ir93U8xA,1410590874,reppeterwelch,reppeterwelch,1559860900
W000798,1855,412213,RepWalberg,RepWalberg,UChpf3_3Wn8f3qSJbsYXrhvg,237862972,RepWalberg,repwalberg,
W000797,1777,400623,RepDWStweets,RepDWS,UCfHQiJVvMlYbVAxrMSLdO4w,1140648348,RepWassermanSchultz,RepDWSTweets,
W000795,1688,400433,RepJoeWilson,JoeWilson,UC3aR1B8m7Z1uycO65yDnpCg,254082173,RepJoeWilson,repjoewilson,519685522
W000791,1596,400419,RepGregWalden,repgregwalden,UCyaDp6ANSM9tvW7Y3LT_4KQ,32010840,RepGregWalden,repgregwalden,382962594
W000779,1247,300100,RonWyden,,UCsd3UEaoLoqX60P88BdpGGw,250188760,senronwyden,ronwyden,9443881
W000437,1226,400432,SenatorWicker,SenatorWicker,UCIlKHiTjSkcQP_knBcXHWSg,264219447,SenatorWicker,senatorwicker,367948073
W000187,1205,400422,RepMaxineWaters,MaxineWaters,UCOQ2js1VYFlo74n7Ns8WsLQ,36686040,MaxineWaters,repmaxinewaters,
V000128,1729,400415,ChrisVanHollen,chrisvanhollen,UCkpfJWu1N9Okd6PE_NidtBQ,18137749,RepChrisVanHollen,chrisvanhollen,268595235
V000108,1188,400417,RepVisclosky,repvisclosky,UC9njNo6tTComo9Kn7imz7Mg,193872188,PeteVisclosky1,,
V000081,1184,400416,NydiaVelazquez,8037068318,UCqMKPkKeeHFOOiZ9vxhXGVg,164369297,nydiavelazquez,,
U000039,1567,400413,SenatorTomUdall,senatortomudall,UCADpIVS6bxOcr-uWnJCC9pQ,60828944,senatortomudall,senatortomudall,
U000031,1177,400414,RepFredUpton,RepFredUpton,UCsN16IzEo4ViZNEMgeCrQ7w,124224165,RepFredUpton,RepFredUpton,
T000470,1997,412405,RepTipton,CongressmanScottTipton,UCh9ssh1dvzpr1HOWaFm8rcg,242873057,RepScottTipton,repscotttipton,
T000469,1942,412319,RepPaulTonko,reppaultonko,UC3P2SGFmmuCYRsjeso0hOQQ,84119348,reppaultonko,reppaultonko,
T000468,1940,412318,RepDinaTitus,CongresswomanTitus,UC_US4jNqECuMSNrB7yVCbbw,122174004,CongresswomanTitus,dinatitusnv,1110185253
T000467,1952,412317,CongressmanGT,CongressmanGT,UCNWX7lbWWvnNdzVMFI9DRiQ,18967498,CongressmanGT,congressman_gt,
T000464,1829,412244,SenatorTester,senatortester,UCgXAF-CON1coZFMxQkfj0fg,515822213,senatorjontester,,
T000463,1741,400411,RepMikeTurner,RepMikeTurner,UC-6Ss-aZ3OPisf9GdVGtN8g,51228911,CongressmanTurner,repmiketurner,
T000461,2085,400408,SenToomey,senatortoomey,UCDUM4FFU1p-_YuHqmBglyXw,221162525,sentoomey,,
T000460,1593,400403,RepThompson,RepMikeThompson,UC6pGbtqHZYZmScFGSz5bbdg,303861808,CongressmanMThompson,,
T000250,1534,400546,SenJohnThune,,UCRu6lpRfxhkDGUrKDgQNZYQ,296361085,johnthune,senjohnthune,
T000238,1155,400404,MacTXPress,repmacthornberry,UCIfCqubtIZnQDwDS8YNmL2A,377534571,RepMacThornberry,,
T000193,1151,400402,BennieGThompson,CongressmanBennieGThompson,UCzt2pBxh0dI24kYrWretXRw,82453460,RepBennieThompson,benniegthompson,347410575
S001189,2009,412417,AustinScottGA08,RepAustinScott,UC5M7eKHKQStktMyjieiHYZQ,234797704,RepAustinScott,,
S001187,2047,412461,RepSteveStivers,1.16058E+14,UCfZrE20pIcR-LeFUV7r2Ixw,211420609,RepSteveStivers,RepSteveStivers,
S001185,1988,412396,RepTerriSewell,RepSewell,UCHkEHtfrfUWOFtbUFQTQH7Q,381152398,RepSewell,,
S001184,2056,412471,SenatorTimScott,SenatorTimScott,UCSfAsbG80CNInSKrtpKoL-w,217543151,SenatorTimScott,SenatorTimScott,
S001183,1994,412399,RepDavid,repdavidschweikert,UCVvuNVzkOUp7p_Pzkc6Zuvw,229197216,RepDavidSchweikert,repdavid,181147397
S001181,1901,412323,SenatorShaheen,SenatorShaheen,UCjLZAZMbDrybHyttdEC9LFA,109287731,senatorshaheen,senatorshaheen,
S001180,1950,412315,RepSchrader,repschrader,UCrWRXVaGJtcImc_kknuDsAw,20545793,repkurtschrader,,
S001177,1962,412312,Kilili_Sablan,1.53424E+11,UC-fbzxBSiC98eAE2goaANVQ,9.26446E+17,CongressmanSablan,kilili_sablan,
S001176,1892,412261,SteveScalise,RepSteveScalise,UCmYveHBVXVBRxl7GiCL-gjw,1209417007,RepSteveScalise,stevescalise,1210937919
S001175,1890,412259,RepSpeier,JackieSpeier,UCevmyTb0HSO8irVaR2gYyoA,24913074,jackiespeierca12,jackiespeier,
S001172,1860,412217,RepAdrianSmith,,UCIgn2z-hwxx_aeggnyhv54Q,296245061,RepAdrianSmith,RepAdrianSmith,
S001165,1818,412186,RepSires,81058818750,UCfdEcWPNGoIxpYoTANF4PBA,18696134,RepSiresNJ13,,
S001157,1722,400363,RepDavidScott,1.13304E+11,UCgf28zRkLSqAUiPuJhGdF0w,168673083,RepDavidScott,RepDavidScott,
S001156,1757,400355,RepLindaSanchez,CongresswomanLindaSanchez,UCu1K6uHxjMgj2mvzM7O9-ow,312134473,LindaTSanchez,,
S001150,1635,400361,RepAdamSchiff,RepAdamSchiff,UCadiUi-KZoFk1K5ZDsluLcA,29501253,adamschiff,RepAdamSchiff,
S001148,1590,400376,CongMikeSimpson,96007744606,UCNXe0rJJeULTAP_7oyQNw8g,76132891,CongMikeSimpson,,
S001145,1588,400360,JanSchakowsky,janschakowsky,UCuCHHPSENUEaaeH8n_CYDXQ,24195214,repschakowsky,,
S001217,,412838,SenRickScott,RickScottSenOffice,UC-Y9pFmW4PYGZHkC8lcqSkQ,131546062,,,
S000770,1531,300093,SenStabenow,SenatorStabenow,UCFoDKCvxSwCUfDv-4Eg4K5A,76456274,senatorstabenow,,
S000510,1528,400379,RepAdamSmith,RepAdamSmith,UCcrHso483LOfC6WwDnzAh-g,58928690,CongressmanAdamSmith,,
S000364,1527,400373,RepShimkus,repshimkus,UCVXSvuk-csQRKBI0oPzcEnw,15600527,repshimkus,,
S000344,1526,400371,BradSherman,63158229861,UCPisrz6-SLwVy2l9Mcy8kug,30216513,shermanca27,,
S000320,1049,300089,SenShelby,RichardShelby,UCyMzDCRZrmhr_OGDjVuAeJw,21111098,SenatorRichardShelby,,
S000248,1042,400366,RepJoseSerrano,RepJoseSerrano,,33563161,,repjoseserrano,1422526654
S000244,1041,400365,JimPressOffice,RepSensenbrenner,UCUNfNsc2CVsqivJ2wThQF6A,851621377,RepSensenbrenner,repjimsensenbrenner,
S000185,1037,400364,BobbyScott,RepBobbyScott,UCdNNcpw8arCsUp55JwK_QAA,161791703,repbobbyscott,repbobbyscott,1173348983
S000148,1036,300087,SenSchumer,senschumer,UC-ABttxh8uQv_10qmwGaidw,17494010,SenatorSchumer,,
S000033,1010,400357,SenSanders,senatorsanders,UCD_DaKNac0Ta-2PeHuoQ1uA,29442313,senatorsanders,,
R000595,2084,412491,SenRubioPress,SenatorMarcoRubio,UCh8t7sV_DBKz4A-RkL9feyg,229966028,SenatorMarcoRubio,,
R000591,1986,412394,RepMarthaRoby,Representative.Martha.Roby,UCeAWQdcSTlwv2vDGz0TQOxQ,224294785,reproby,martharoby,
R000588,2023,412432,RepRichmond,RepRichmond,UCsB66Dq8sCGwr5K3g1kqTrA,267854863,RepCedricRichmond,,
R000585,1982,412393,RepTomReed,RepTomReed,UC-HFEKIHC7ydVUkxkZOLqTg,252819323,CongressmanTomReed,,
R000582,1954,412310,DrPhilRoe,DrPhilRoe,UC8muYurPSNO8x2Qqk40mVOA,52503751,drphilroe,drphilroe,
R000577,1756,400352,RepTimRyan,timryan,UCjAFlYCheFKjGg_Pxc2VOFA,13491312,timryanvision,,
R000576,1728,400349,Call_Me_Dutch,DutchRupp,UCk2S9iSHNpo1E1A7qZ0SPIw,305620929,ruppersberger,dutchruppersberger,
R000575,1704,400341,RepMikeRogersAL,CongressmanMikeDRogers,UCH-WUWuY0_dlKwJDSqKTJsg,33977070,MikeRogersAL03,repmikerogersal,259435765
R000515,1003,400350,RepBobbyRush,congressmanbobbyrush,UCbWqxBnS_w_uFTdQAL0YH5g,305216911,CongressmanRush,,
R000486,997,400347,RepRoybalAllard,RepRoybalAllard,UC_T_RXWeJ-smmpjdNLOaMcg,479872233,RepRoybalAllard,RepRoybalAllard,
R000395,977,400340,RepHalRogers,CongressmanHalRogers,UChVFKLZkRoHQDhp4zNvEezQ,550401754,RepHalRogers,rephalrogers,
R000307,968,300083,SenPatRoberts,SenPatRoberts,UCRpswvC8LgxzE9AYSFpqUgw,75364211,SenPatRoberts,,
R000122,949,300081,SenJackReed,SenJackReed,UCT_aFVtsjxPwWKfO-PW_hPw,486694111,SenatorReed,,
Q000023,1967,412331,RepMikeQuigley,repmikequigley,UCDP13XegdoZ4bxYHxM34yAA,56864092,RepMikeQuigley,repmikequigley,1403659583
P000603,2082,412492,RandPaul,SenatorRandPaul,UCeM9I-20oWUs8daIIpsNHoQ,216881337,SenatorRandPaul,senatorrandpaul,541357095
P000601,2035,412443,CongPalazzo,stevenpalazzo,UCtPOy2vRbN2nD8dQPSOTXeA,299883942,CongressmanPalazzo,congressmanpalazzo,
P000599,1915,412309,CongBillPosey,bill.posey15,UCoUwUkDpe1ZYd6tiaZfiMuA,25086658,CongressmanPosey,,
P000597,1927,412307,ChelliePingree,ChelliePingree,UCLKaWFM7I84WcreDRhhhkVg,14984637,congresswomanpingree,,
P000595,1929,412305,SenGaryPeters,SenGaryPeters,UC7LYNbnKSK2VZqQ98YROWHQ,236511574,RepGaryPeters,sengarypeters,1640246681
P000593,1835,412192,RepPerlmutter,RepPerlmutter,UCJXuMAzxngpEvDdvlE6wS5g,20552026,RepPerlmutter,,
P000523,930,400326,RepDavidEPrice,RepDavidEPrice,UCtX7bSXBLF9ge-Q955n5Vqw,155669457,RepDavidPrice,repdavideprice,
P000449,924,400325,SenRobPortman,senrobportman,UCwunkd8Zs-yAWKQwnwBp7ew,18915145,SenRobPortman,senrobportman,370356159
P000197,905,400314,SpeakerPelosi,NancyPelosi,UCxPeEcH0xaCK9nBK98EFhDg,15764644,nancypelosi,,
P000096,1510,400309,BillPascrell,pascrell,UCIy1Ru8oA14aRjpq6L3i-EQ,74508260,RepPascrell,,
P000034,887,400308,FrankPallone,repfrankpallone,UCN0_wn9hs1LI3UKkji2PP2A,31801993,repfrankpallone,repfrankpallone,
O000168,1955,412302,RepPeteOlson,Rep.PeteOlson,,20053279,,reppeteolson,
N000181,1710,400297,RepDevinNunes,,UCtbArL6CmOfFqgmpuRjLp3w,344972339,RepDevinNunes,,
N000179,1602,400290,GraceNapolitano,RepGraceNapolitano,UCPWjmiAIR04oQ8QMoOWcDtA,161411080,RepGraceNapolitano,repgracenapolitano,
N000147,868,400295,EleanorNorton,CongresswomanNorton,UChRrAXUGylfxJjbquC6aUjQ,23600262,EleanorHNorton,,
N000015,854,400291,RepRichardNeal,reprichardneal,UCZVtTydu0-MSK6G12GaKA4g,442824717,RepRichardENeal,,
N000002,850,400289,RepJerryNadler,CongressmanNadler,UCQKj0qU1e7o2f5ftSh-c9aQ,40302336,congressmannadler,,
M001183,1983,412391,Sen_JoeManchin,JoeManchinIII,UCGyPK_ye2ptpzQgOjKIn7ag,234374703,SenatorJoeManchin,,
M001180,2074,412487,RepMcKinley,RepMcKinley,UCt7BWx4b8ubXa-PneAu103g,240427862,RepDavidMcKinley,,
M001177,1908,412295,RepMcClintock,81125319109,UCMh04KC4LfIzKoXh2Xws_pw,50152441,McClintockCA04,,
M001176,1900,412325,SenJeffMerkley,jeffmerkley,UCRoXttCJhMnLVCxCaa6VnNQ,29201047,SenatorJeffMerkley,senjeffmerkley,501463589
M001166,1832,412189,RepMcNerney,jerrymcnerney,UClUOx6F8GKshxGBUBLkisug,385429543,RepJerryMcNerney,,
M001165,1833,412190,GOPLeader,CongressmanKevinMcCarthy,UCdJUZUFSLJRlUpE-91-6DsA,19739126,repkevinmccarthy,RepKevinMcCarthy,
M001163,1814,400663,DorisMatsui,doris.matsui,UCSqqxVkvskHq3cY2MCbTZsw,38254095,RepDorisMatsui,repdorismatsui,
M001160,1811,400661,RepGwenMoore,GwenSMoore,UCCs9o1XaSsCsqNpO0iO0_Ew,22669526,RepGwenMoore,RepGwenMoore,
M001159,1809,400659,CathyMcMorris,mcmorrisrodgers,UCRp0lwIxAhq2Ia9_YgRWUkg,17976923,mcmorrisrodgers,cathymcmorris,
M001158,1806,400656,RepKenMarchant,RepKennyMarchant,UCQpnTMp5TdTRWEes8cjIfyQ,23976316,RepKennyMarchant,,
M001157,1804,400654,RepMcCaul,michaeltmccaul,UCRw6sGE0PH7_FCeTT3PQRaA,26424123,MichaelTMcCaul,congressman_mccaul,
M001156,1792,400644,PatrickMcHenry,CongressmanMcHenry,UCY3PTRhkSH-eoltxPVZKD-w,27676828,CongressmanMcHenry,reppatrickmchenry,353406473
M001153,1694,300075,LisaMurkowski,SenLisaMurkowski,UCaigku16AErqvD0wRuwGb9A,18061669,senatormurkowski,senlisamurkowski,
M001143,1653,400259,BettyMcCollum04,repbettymccollum,UC3sZJSdiZo2EBHbsOlsnI7A,516880804,BMcCollum04,repbettymccollum,
M001137,1506,400271,RepGregoryMeeks,gregorymeeksny05,UCljJnwgQS6Z6-NypDyqKJZQ,22812754,gwmeeks,repgregorymeeks,
M001111,1409,300076,PattyMurray,,UCb8jq3TvQ3AzKsexhWfFLoA,293131808,SenatorPattyMurray,senpattymurray,426137845
M000934,1507,400284,JerryMoran,jerrymoran,UC1oRxeUPam6-53wPBZ3N02A,18632666,senatorjerrymoran,senjerrymoran,298271065
M000639,791,400272,SenatorMenendez,senatormenendez,UC0PV0K9Z5a9p3D5917KF5fw,18695134,SenatorMenendezNJ,senatormenendez,433044338
M000355,1395,300072,McConnellPress,mitchmcconnell,,339822881,,mcconnellpress,
M000312,1504,400263,RepMcGovern,RepJimMcGovern,UCpiUqp2ZF64tXqgR_EQo27g,242426145,repjimmcgovern,repmcgovern,
M000133,735,400253,SenMarkey,EdJMarkey,UCT1ujew5yQy2uMhGrjiKHoA,21406834,RepMarkey,,
M000087,729,400251,RepMaloney,RepCarolynMaloney,,258900199,carolynbmaloney,repmaloney,
L000577,2080,412495,SenMikeLee,senatormikelee,UCplVxs_j_sLAt0fkplXcl4A,88784440,senatormikelee,senmikelee,391361701
L000576,2033,412445,USRepLong,Rep.Billy.Long,UCLQcbyxpHXXAsUJckscQY8g,1444015610,MOdistrict7,,
L000575,2050,412464,SenatorLankford,SenatorLankford,UCz8T6sK5fEycyWmVz6Vpe5Q,225921757,SenatorLankford,senatorlankford,1552251018
L000570,1939,412293,RepBenRayLujan,RepBenRayLujan,UCcO5AmF8HuJo4d0awEbst7Q,19318314,Repbenraylujan,repbenraylujan,1409819789
L000569,1931,412292,RepBlaine,BlaineLuetkemeyer,UCifiiQclKbBBrkSbCnN6REg,1849261916,BLuetkemeyer,,
L000566,1885,412256,BobLatta,boblatta,UCVSBVHoWu-eWnBBQaMKZ_sQ,15394954,CongressmanBobLatta,boblatta,26367713
L000565,1846,412209,DaveLoebsack,DaveLoebsack,UC0biZWEJAKHctxbmXfXJnOg,510516465,congressmanloebsack,,
L000564,1834,412191,RepDLamborn,CongressmanDougLamborn,UCaYsGYMniq4nwBBMKFIwsow,584012853,CongressmanLamborn,douglamborn,
L000563,1781,400630,RepLipinski,repdanlipinski,UC4-dyxzIODTMk1-12QPEpoQ,1009269193,lipinski03,,
L000562,1686,400249,RepStephenLynch,repstephenlynch,UCxL4zG0YWqC5XTO4af_FOgw,310310133,RepLynch,repstephenlynch,
L000560,1675,400232,RepRickLarsen,RepRickLarsen,UCMv7LsJtiyO4AJcbRux5CxQ,404132211,congressmanlarsen,repricklarsen,
L000559,1668,400230,JimLangevin,CongressmanJimLangevin,UCQ1sth-7umw1k-fSVqdfRTg,18909919,jimlangevin,,
L000557,1583,400233,RepJohnLarson,RepJohnLarson,UCGPsvFF-9WfpdRSCcCrPLiQ,50452197,RepJohnLarson,RepJohnBLarson,
L000551,1501,400237,RepBarbaraLee,RepBarbaraLee,UCnRgK2MXAQOUau0JXqseeNA,248735463,RepLee,repbarbaralee,1415801245
L000491,711,400247,RepFrankLucas,RepFrankLucas,UCdYZbKY8pkWAThqwC3fdVMg,242772524,RepFrankLucas,,
L000480,709,400246,NitaLowey,RepLowey,UCkmeBYqhbomcWNNWzQCqcbg,221792092,nitalowey,nitalowey,
L000397,701,400245,RepZoeLofgren,zoelofgren,UCOaQ79adORFcaTuJZoIFuZQ,267938462,RepZoeLofgren,,
L000174,1383,300065,SenatorLeahy,SenatorPatrickLeahy,UC46QHVobf7FO-tWehsRoDog,242836537,SenatorPatrickLeahy,senatorleahy,
K000378,2014,412421,RepKinzinger,RepKinzinger,UCjDHxyjndxxhjuPWyEBc7UA,219429281,RepAdamKinzinger,,
K000376,2051,412465,MikeKellyPA,1.91057E+14,UCoz6u3ooQxoijsWvhoQ0D-A,935368364,repmikekelly,,
K000375,2025,412435,USRepKeating,Congressman.Keating,UC7KPV4xdxO2dms9vl6tETmg,232992031,RepBillKeating,,
K000362,1724,400220,SteveKingIA,stevekingia,UCvdJ--cxsVyght3ZDise0mw,48117116,stevekingia,,
K000210,635,400219,RepPeteKing,,UCbyQC19DsAq01oDBfZn_diw,18277655,RepPeterKing,,
K000188,1498,400218,RepRonKind,repronkind,UC0_BilariURHwSHf9baGykg,112740986,RepRonKind,,
K000009,616,400211,RepMarcyKaptur,RepresentativeMarcyKaptur,UCIJUNf22o09nO02oQPLKQ6w,581141508,USRepMarcyKaptur,repmarcykaptur,
J000293,2086,412496,SenRonJohnson,senronjohnson,UCG9XyTVtOAs7VX_q_QVHoaw,233737858,SenatorRonJohnson,senronjohnson,
J000292,2046,412460,RepBillJohnson,RepBillJohnson,UCtF08Ay71haDRoJosRN2P_Q,211530910,RepBillJohnson,repbilljohnson,763495818
J000289,1868,412226,Jim_Jordan,repjimjordan,UCPFBhS00ivPV585GlnNlyqA,18166778,RepJimJordan,,
J000288,1843,412199,RepHankJohnson,1.15357E+11,UCqMici9I7nz_i-PN7eSYjwQ,24745957,RepHankJohnson,rephankjohnson,
J000300,,412741,sendougjones,senatordougjones,UCL8akobkoN2lB5U3kaEjdBw,9.4108E+17,,,
J000126,599,400204,RepEBJ,CongresswomanEBJtx30,UCVKp8BtjW708H4eXJJQgUYw,168502762,RepEddieBJohnson,repebj,
J000032,588,400199,JacksonLeeTX18,CongresswomanSheilaJacksonLee,UCi_S-mOZaEco2Zb9guf_8Iw,80612021,TX18SJL,,
I000024,583,300055,InhofePress,jiminhofe,UCk3W3ilX8vGG-300qzNpG7w,20546536,jiminhofepressoffice,,
H001061,2079,412494,SenJohnHoeven,SenatorJohnHoeven,UC1kQIC2Q_Fq9_NRqdb6eHiw,382791093,senatorjohnhoevennd,senjohnhoeven,1237544252
H001058,2028,412437,RepHuizenga,RepHuizenga,UCQPlLLiMnysMmeJ5qUSSjQg,233949261,RepHuizenga,RepHuizenga,
H001056,2071,412486,HerreraBeutler,herrerabeutler,UCJEgiA9clfx0amrQUj0aBTQ,242926427,RepHerreraBeutler,herrerabeutler,
H001053,2032,412444,RepHartzler,Congresswoman.Hartzler,UCAvttUz6qBVEJiFt7p_MZxw,237763317,repvickyhartzler,rephartzler,787899303
H001047,1913,412282,JAHimes,CongressmanJimHimes,UCCeB6czh6nhCHxOMCk_V4yA,31611298,congressmanhimes,,
H001046,1937,412281,MartinHeinrich,MartinHeinrich,UCBxh8IK5sMxY0Ln_0G2NYcg,1099199839,SenMartinHeinrich,senatormartinheinrich,285288987
H001042,1844,412200,MazieHirono,senatorhirono,UCcoKhxad156flzPYJ8JMFOA,92186819,CongresswomanHirono,maziehirono,304094084
H001038,1794,400641,RepBrianHiggins,RepBrianHiggins,UCSGbv85HaaYYOrPGePtxwag,33576489,CongressmanHiggins,repbrianhiggins,
H000874,566,400189,LeaderHoyer,WhipHoyer,UCvxgqX65cdhHNjJn64cgY9g,22012091,LeaderHoyer,repstenyhoyer,51616645
H000324,511,400170,RepHastingsFL,95696782238,UCaXXiR3YjMuPIlIGRGNnm8A,2433737761,RepAlceeHastings,,
G000568,2070,412485,RepMGriffith,RepMorganGriffith,UCzxqD7EY_Rdvbc0spbaYkJA,234057152,RepMorganGriffith,hmorgangriffith,
G000565,1992,412397,RepGosar,repgosar,UC5orqw_9acsKWSRbrqTDXBw,240760644,repgosar,REPGOSAR,
G000563,2049,412463,RepBobGibbs,RepBobGibbs,UC4J-kVbeE32Up-b_wTLEUmA,234822928,RepBobGibbs,repbobgibbs,
G000562,1998,412406,SenCoryGardner,SenCoryGardner,UC7Vi5vAFb7piu_BNwrYDBxQ,235217558,,sencorygardner,1643152643
G000559,1973,412382,RepGaramendi,repgaramendi,UCRym1qsO72C39gX6pBu4icg,88806753,garamendiCA10,repgaramendi,
G000553,1803,400653,RepAlGreen,repalgreen,UCFtgMZm1YUXaZ8OtOj-GDjA,156333623,RepAlGreen,repalgreen,
G000552,1801,400651,RepLouieGohmert,50375006903,UC0HMa6X3iMhMq96kkRLLTog,22055226,GohmertTX01,,
G000551,1708,400162,RepraulGrijalva,Rep.Grijalva,UC8JZLnXS21bhNbcvpoM8O7g,28602948,raulgrijalvaaz07,,
G000386,457,300048,ChuckGrassley,grassley,UCiCPRkcLMInpDeOqGkMTt4w,10615232,senchuckgrassley,senatorchuckgrassley,
G000377,1487,400157,RepKayGranger,RepKayGranger,UCsRMtemAkyLh78MPES6gMVQ,161743731,RepKayGranger,repkaygranger,
G000359,452,300047,GrahamBlog,USSenatorLindseyGraham,UClLGZMA5Ei2Z8fR1PLEx6yQ,14845376,USSenLindseyGraham,,
F000461,2065,412480,RepBillFlores,RepBillFlores,UCA7MgQ_ccBlCqoxV56B6nmA,237312687,RepBillFlores,repbillflores,
F000459,2061,412476,RepChuck,repchuck,UCTtRrJkM-R-f2K0byCMvHgw,235190657,repchuck,,
F000455,1895,412327,RepMarciaFudge,RepMarciaLFudge,UClmYIIhIcL-WwtBAy1Dhokg,153486399,marcialfudge,repmarciafudge,1395168201
F000450,1791,400643,VirginiaFoxx,RepVirginiaFoxx,UCggineJcxJn80TRXxdQbx6w,16256269,repvirginiafoxx,repvirginiafoxx,
F000449,1793,400640,JeffFortenberry,jefffortenberry,UCbWUvw3gQhbFyJzt1Nh6cAA,18805303,JeffFortenberry,,
F000062,1332,300043,SenFeinstein,senatorfeinstein,UCtVC--6LR0ff2aOP8THpuEw,476256944,SenatorFeinstein,,
E000285,1542,300041,SenatorEnzi,mikeenzi,UCipEXEDAKVPj_B0cQjaikEA,291756142,senatorenzi,senatorenzi,
E000215,355,400124,RepAnnaEshoo,RepAnnaEshoo,UCjRvhco2d59GBgA78IIIaYQ,249348006,RepAnnaEshoo,RepAnnaEshoo,
E000179,344,400122,RepEliotEngel,RepEliotLEngel,UCZ-ctBF-a6CYPJWDoBV_JyA,164007407,engel2161,,
D000616,2062,412477,DesJarlaisTN04,ScottDesJarlaisTN04,UCvjuSLoi3hS0ECQvJLhwOkA,235312723,ScottDesJarlaisTN04,desjarlaistn04,260930821
D000615,2057,412472,RepJeffDuncan,RepJeffDuncan,UC1tuXL6ymImdpKYGEAH83QA,240393970,congjeffduncan,repjeffduncan,382897929
D000610,1976,412385,RepTedDeutch,CongressmanTedDeutch,UC1JlTLRUDkzhM2htvI9QJTA,137794015,congressmanteddeutch,repteddeutch,
D000600,1717,400108,MarioDB,mdiazbalart,UCpEEd0Plxx5D78pI4a4mFTQ,37094727,MarioDiazBalart,repmariodb,316477657
D000563,326,300038,SenatorDurbin,SenatorDurbin,UCkbixlNCxcKAffEhe3X5-lw,247334603,SenatorDurbin,,
D000482,316,400114,USRepMikeDoyle,usrepmikedoyle,UCni9vINmgerEeVXhKCC9qbA,39249305,CongressmanDoyle,,
D000399,303,400111,RepLloydDoggett,lloyddoggett,UCN-kiLKyHPcfRVZ28sAHS_g,153944899,doggett,replloyddoggett,
D000216,281,400103,RosaDeLauro,CongresswomanRosaDeLauro,UC9ROfGBm7kSLCEDYwFF6McQ,140519774,rosadelauro,,
D000197,1479,400101,RepDianaDeGette,DianaDeGette,UCWFQCRTHwsHg9P1Hf-EQtew,28599820,RepDianaDeGette,,
D000191,279,400100,RepPeterDeFazio,RepPeterDeFazio,UCIF3HunhsVgTv7L2grnq2Rg,252249233,PeterDeFazio,,
C001088,1984,412390,ChrisCoons,senatorchriscoons,UC2lOVbsddn1HIkcDnmCw6tA,435500714,senatorchriscoons,senatorchriscoons,25194715
C001087,1989,412400,RepRickCrawford,RepRickCrawford,UCLKAkVl4BHRK73lmDiIgPYg,233693291,RepRickCrawford,reprickcrawford,389864684
C001084,2055,412470,RepCicilline,CongressmanDavidCicilline,UC3sCl46o8hYP69LnidNltuw,462143773,RepDavidCicilline,,
C001080,1970,412379,RepJudyChu,RepJudyChu,UCfcbYOvdEXZNelM8T05nK-w,193732179,RepJudyChu,,
C001078,1959,412272,GerryConnolly,CongressmanGerryConnolly,UC4WG9PlmoOeSLIuyVjs-RSA,78445977,repconnolly,,
C001072,1889,412258,RepAndreCarson,CongressmanAndreCarson,UCprUnnEgM2VUGmAKSaZXCSw,199325935,repandrecarson,repandrecarson,
C001070,1828,412246,SenBobCasey,SenatorBobCasey,UCtVssXhx-KuZa-hSvnsnJ0A,171598736,SenatorBobCasey,senbobcasey,
C001069,1836,412193,RepJoeCourtney,joecourtney,UCGVIfe1T2hO1Lx7ap5Wkv1w,85396297,repcourtney,repjoecourtney,
C001068,1878,412236,RepCohen,CongressmanSteveCohen,UC_NJlnsOBjOameUwZk0rvsA,162069635,repcohen,,
C001067,1864,412221,RepYvetteClarke,repyvettedclarke,UC8SuQiuL2P9fUHAxuRoTdUQ,240812994,repyvetteclarke,repyvettedclarke,
C001063,1807,400657,RepCuellar,1.52569E+11,UCVgEOdJx3tyILO9EjZ-heEQ,210926192,henrycuellar,,
C001062,1805,400655,ConawayTX11,mike.conaway,UCR3dhwhVfxmmqv6ct2Xa1-g,295685416,mikeconaway11,mikeconawaytx11,
C001061,1790,400639,RepCleaver,emanuelcleaverii,UCVC-7CLFjXczoihr5FxDLsw,163570705,repcleaver,,
C001059,1774,400618,RepJimCosta,RepJimCosta,UCVgXX23eJEai6GiBOKO6dvA,245451804,RepJimCostaCA20,,
C001056,1692,300027,JohnCornyn,sen.johncornyn,UCyQwLQavlOaJ64YuY_VMtiQ,13218102,senjohncornyn,,
C001053,1742,400077,TomColeOK04,TomColeOK04,UCvqzPm_YnNkfEHpm3SEMJMQ,23124635,reptomcole,TomColeOK04,
C001051,1752,400068,JudgeCarter,judgecarter,UC9pkaOrhPfouzkJ8oAdI-1w,18030431,repjohncarter,judgecarter,456560563
C001049,1654,400074,,1.09135E+14,UCB3yVQzlxhx3brOwaWtiXoQ,,WilliamLacyClay,,
C001047,1676,400061,SenCapito,senshelley,UCbiXdR4XQ3vD9Xp5lfR9QXw,193794406,,sencapito,1640447624
C001035,1541,300025,SenatorCollins,susancollins,UC6GYaBx5kT2r4PN8KENxC-w,19726613,SenatorSusanCollins,sensusancollins,
C000880,250,300030,MikeCrapo,mikecrapo,UCMHzKHg1BE7dEcFjnayw1lA,600463589,senatorcrapo,mikecrapo,329357214
C000754,231,400081,RepJimCooper,JimCooper,UCjplyIIQbNZcl013AyDfPNg,22523087,RepJimCooper,repjimcooper,1037212884
C000537,208,400075,WhipClyburn,jameseclyburn,UCIyU_UA_JEa14gvAwhquKqg,188019606,repjamesclyburn,,
C000266,186,400071,RepSteveChabot,RepSteveChabot,UCJpzm2DZDE1B6ruQLQc7q4g,237750442,congressmanchabot,repstevechabot,481906395
C000174,179,300019,SenatorCarper,tomcarper,UCgLnvbKwu4B3navofj6Qvvw,249787913,senatorcarper,,
C000141,174,400064,SenatorCardin,senatorbencardin,UCiQaJnMzlfzzG3VESgyZChA,109071031,senatorcardin,senatorcardin,
C000127,172,300018,SenatorCantwell,senatorcantwell,UCN52UDqKgvHRk39ncySrIMw,117501995,SenatorCantwell,,
C000059,165,400057,KenCalvert,70063393423,UC5MEj7YOX_QdKoqD_HRxP3A,22545491,RepKenCalvert,repkencalvert,
B001277,2076,412490,SenBlumenthal,SenBlumenthal,UCHH-fn3_LVt0Q4od56rOi5g,278124059,SenatorBlumenthal,,
B001275,2018,412427,RepLarryBucshon,RepLarryBucshon,UC0bIliQs0LKZabNwvZ3gnhQ,234812598,RepLarryBucshon,,
B001274,1987,412395,RepMoBrooks,RepMoBrooks,UCgsPSY0MpuQJq8vEqYUSt-g,237299871,RepMoBrooks,,
B001270,1996,412404,RepKarenBass,RepKarenBass,UCQZg7oxkV3Yag2emYPLhT2g,239949176,RepKarenBass,,
B001267,1965,412330,SenatorBennet,senbennetco,UCXB3cljpMwTyCUyLr2ZVLow,224285242,SenatorBennet,SenBennetCO,
B001261,1881,412251,SenJohnBarrasso,johnbarrasso,UC80PfiCAB2Fe1MFayWlR6GQ,202206694,barrassowyo,,
B001260,1840,412196,VernBuchanan,CongressmanBuchanan,UCY4DEy41NxOTdcF8_XAVZvw,20467163,vernbuchanan,repvern,344865327
B001257,1838,412250,RepGusBilirakis,GusBilirakis,UC2z1uu1n4-60xXs5x1mvLJw,26051676,RepGusBilirakis,gusbilirakis,
B001251,1761,400616,GKButterfield,congressmangkbutterfield,UCbodCVgLfcbaep49L1M-mqA,432676344,GKBNC01,,
B001250,1753,400029,RepRobBishop,RepRobBishop,UCJC2BXNGQEUom7Tp7FKfxlQ,148006729,CongressmanBishop,,
B001248,1751,400052,MichaelCBurgess,michaelcburgess,UCvvO8lo-Nkc31cEEElqQvQw,15751083,michaelcburgessmd,repmichaelburgess,
B001243,1748,400032,MarshaBlackburn,marshablackburn,UCvNnmu5mUm7xr8QXBlbtQ9w,278145569,RepMarshaBlackburn,marshablackburn,
B001236,1687,400040,JohnBoozman,JohnBoozman,UC9vWHKL5OfIYh6kIV0rF2yw,5558312,BoozmanPressOffice,johnboozman,
B001135,153,400054,SenatorBurr,SenatorRichardBurr,UCOLLZpp-1womBSFDV2uLfag,21157904,SenatorRichardBurr,senatorburr,
B000944,136,400050,SenSherrodBrown,SenatorSherrodBrown,UCgy8jfERh-t_ixkKKoCmglQ,43910797,SherrodBrownOhio,,
B000755,1468,400046,RepKevinBrady,kevinbrady,UC6Ng0uMQEBVgXO_HF0NbfXA,19926675,KBrady8,repkevinbrady,337613850
B000575,1464,400034,RoyBlunt,SenatorBlunt,UCFeLRzjhThTmaWzuh5qjpGA,21269970,SenatorBlunt,royblunt,21185436
B000574,99,400033,BlumenauerMedia,,UCuziVoKuGn7feNA5VrpxsBQ,137823987,RepBlumenauer,,
B000490,91,400030,SanfordBishop,sanfordbishop,UCxF9veLBrkr_CqVq5eFYVGg,249410485,RepSanfordBishop,,
A000367,2029,412438,,repjustinamash,UCeg6HhoCXrS8xpON9dxtZgA,,repjustinamash,,
A000360,1695,300002,SenAlexander,senatorlamaralexander,UChDLBjn5RWqgMmCSswT05IQ,76649729,lamaralexander,senlamaralexander,1156775647
A000055,1460,400004,Robert_Aderholt,RobertAderholt,UC71CAgpg1gbLTew_pfTneGA,76452765,RobertAderholt,,
D000617,2096,412505,RepDelBene,RepDelBene,UCd00b7TpKDZIr-Ujhaktvjg,995193054,,repdelbene,
B001278,2092,412501,RepBonamici,congresswomanbonamici,UC0IkAeEiwgzSRTD1TDSvuBw,558769636,RepSuzanneBonamici,RepBonamici,
K000383,,412545,SenAngusKing,SenatorAngusSKingJr,UCpp6lGvrmt0XU_lnD4Ak0gA,1068481578,SenatorAngusKing,,
A000369,2090,412500,MarkAmodeiNV2,MarkAmodeiNV2,UCjOGx2iqSn1r3BQxaVgYhYw,402719755,markamodeinv2,MarkAmodeiNV2,
S001193,2104,412514,RepSwalwell,CongressmanEricSwalwell,UCKvwsFNGD4sDkE_9g-2ft0w,942156122,ericswalwell,repswalwell,338799200
M001190,2156,412568,RepMullin,RepMullin,UCLQlm-cbGbJj9baZC6oFsag,1060370282,,,
K000379,2172,412543,RepJoeKennedy,3.01936E+14,UCgfHlaGqxD8p-2V_YlNIqrA,1055907624,,repkennedy,1328567154
B001284,2129,412539,SusanWBrooks,congresswomansusanwbrooks,UCMd7LzaBcbQ06aKHoj9KkSQ,1074101017,SusanWBrooks,susanwbrooks,365798183
W000813,2128,412538,RepWalorski,RepJackieWalorski,UC8fsSDjVJ_VnCF3ccx3Lkng,1065995022,repwalorski,jackiewalorski,
R000597,2160,412572,RepTomRice,reptomrice,UCEmPVQphMGoXAfWJli68BEw,1058345042,RepTomRice,reptomrice,
M001188,2148,412560,RepGraceMeng,repgracemeng,UCHg516zJKbIBtXFAJ0nu3XQ,1051127714,,,
M001185,2150,412562,RepSeanMaloney,RepSeanMaloney,UCNiVzzf4Vz-vCMPBcnjGuXQ,1072467470,,repseanpatrickmaloney,
H001064,2170,412584,RepDennyHeck,CongressmanDennyHeck,UCU89cl5_yhHzo-oTHiEyaRg,1068499286,RepDennyHeck,,
H001065,2143,412553,RepHolding,CongressmanGeorgeHolding,UCx6IgBfJmIhXSXymnPr78hw,1058460818,repholding,repholding,
T000472,2110,412520,RepMarkTakano,RepMarkTakano,UCJg4F1irmSFeKoXZBaZbX2w,1037321378,RepMarkTakano,repmarktakano,
J000294,2149,412561,RepJeffries,RepHakeemJeffries,UCYVmbsjoNbQ4j-PCQIYgpWQ,467823431,,,
J000295,2154,412566,RepDaveJoyce,RepDaveJoyce,UCTu9xz2VYk-jtQv0TVsLyYA,976969338,repdavejoyce,repdavejoyce,360743678
L000579,2111,412521,RepLowenthal,RepLowenthal,UC-GgROtn5Hxm1H9a6qvy_Wg,1055730738,RepLowenthal,RepLowenthal,
C001093,2121,412531,RepDougCollins,RepresentativeDougCollins,UCgKTZXOJX2UwAdLNZ4MQdig,1060487274,repdougcollins,,
W000814,2161,412574,TXRandy14,TXRandy14,UCJSZRrAcd5i1bHLjR66PZdg,1058051748,TXRandy14,TXRandy14,
K000381,2169,412583,RepDerekKilmer,derek.kilmer,,1058917562,,,
G000571,2122,412532,TulsiPress,RepTulsiGabbard,UCkQmC0YfIU4388Tu0_k4esA,1064206014,tulsipress,,
D000618,2138,412549,SteveDaines,SteveDainesMT,UC-ny-W5mEUGytiyMdXbQ20Q,11651202,SteveDainesMT,stevedaines,371125857
Y000065,2115,412525,RepTedYoho,CongressmanTedYoho,UCGmDQgEgP2Z0NjavmnS9Hwg,1071900114,RepTedYoho,,
K000382,2145,412557,RepAnnieKuster,CongresswomanAnnieKuster,UCYAD_Eti2b5gXSicbgPsBYA,1058717720,RepKuster,,
K000380,2134,412546,RepDanKildee,RepDanKildee,UC_KpQ-n3IT5dL5ul21XA9Yw,1045110018,RepDanKildee,repdankildee,582887115
C001090,2159,412571,RepCartwright,CongressmanMattCartwright,UCnAOvexSGLBnYidaFzguhTQ,776664410,,repmattcartwright,
C001095,2098,412508,SenTomCotton,SenatorTomCotton,UCXEk6mokWBajIpNatbjnwSg,968650362,RepTomCotton,,
B001286,2127,412537,RepCheri,RepCheri,UCrkOYuIsVeb4dvKeeO7jnaA,1092979962,RepCheri,,
B001287,2102,412512,RepBera,RepAmiBera,UClJCTCo53Zk6b4kUL-bbdzg,950783972,repamibera,,
F000454,1888,412257,RepBillFoster,CongressmanBillFoster,UCicixINQr_-3cFHI2bJzFpQ,1080509366,RepBillFoster,,
F000462,2119,412529,RepLoisFrankel,RepLoisFrankel,UCEk5viAhxaW_2OK20-yBwzQ,1077121945,reploisfrankel,reploisfrankel,
H001067,2140,412550,RepRichHudson,RepRichHudson,UC9Q1qCvnQR7rHERjTjJl5Pg,935033864,RepRichHudson,,
V000131,2166,412579,RepVeasey,CongressmanMarcVeasey,UC2CRp1KF5uljZyhDRPR-72Q,1074129612,marcveasey,repveasey,676925345
V000132,2167,412580,RepFilemonVela,USCongressmanFilemonVela,,1083448909,RepFilemonVela,repfilemonvela,
P000605,2157,412569,RepScottPerry,repscottperry,UCzgrU5PT_HHRgf5hXPen4dQ,18773159,RepScottPerry,repscottperry,519463466
R000599,2109,412519,RepRaulRuizMD,CongressmanRaulRuizMD,UCSDk-cyNPCo1iy6rweSPmBw,1089859058,repraulruiz,,
C001094,2103,412513,RepPaulCook,RepPaulCook,UCqK--hf5cuvg7BR_oisyRiA,1074412920,RepPaulCook,,
C001096,2144,412555,SenKevinCramer,CongressmanKevinCramer,UCqUPdO9XaAW-dvwwXKbIVdA,1048784496,kevincramer,repkevincramer,
W000812,2137,412548,RepAnnWagner,RepAnnWagner,UCy2v2DXXvQnbRc8Zx77Dnsg,1051446626,,repannwagner,
W000817,2182,412542,SenWarren,senatorelizabethwarren,UCTH9zV8Imw09J5bOoTR18_A,970207298,senelizabethwarren,senwarren,
D000619,2126,412536,RodneyDavis,RepRodneyDavis,UCiGPTfpwRxqQp0Bam5S8zwA,993153006,RepRodneyDavis,reprodneydavis,
S001192,2168,412581,RepChrisStewart,RepChrisStewart,UCKYqzTvmQVWys-WhrCkbyPw,1072008757,repchrisstewart,repChrisStewart,
B001282,2131,412541,RepAndyBarr,RepAndyBarr,UCVL2s6x7f7H0ZJ-uwU0pQ6Q,1089334250,RepAndyBarr,,
C001098,2175,412573,SenTedCruz,SenatorTedCruz,UCOTZ-6H1rri1lSsj6IzhUyw,1074480192,sentedcruz,,
D000096,1477,400093,RepDannyDavis,CongressmanDKDavis,UCdhrT09_XMr31tuI8OcKsjQ,789244177,dannykdavis07,,
G000546,1656,400158,RepSamGraves,1.18515E+11,UCdg2ybvoHsSW6t7iJnKHlNg,29766367,,repsamgraves,
B001230,1558,400013,SenatorBaldwin,senatortammybaldwin,UC_XjYCRbbI2_TDDjJidwk0Q,1074518754,witammybaldwin,senatorbaldwin,
W000810,2008,412416,RepRobWoodall,RepRobWoodall,UC7MSlu8zV6Mf8wYzek2Cb-w,2382685057,RobWoodallGA07,reprobwoodall,
W000816,2165,412578,RepRWilliams,RepRogerWilliams,UCBtfmMMQarjtLB9U_pWMOhw,1077446982,,,
D000598,1641,400097,RepSusanDavis,RepSusanDavis,UCUni9eg-gXv8pZ2WE_YR0bg,432771620,RepSusanADavis,RepSusanDavis,
D000622,2123,412533,SenDuckworth,SenDuckworth,UCYRWRvUxtjaHnFMCbdd94tg,1058520120,repduckworth,SenDuckworth,1387939090
F000463,2179,412556,SenatorFischer,senatordebfischer,UCrbEfZaG_WhB0PBHI1hefPQ,1071402577,senatordebfischer,senatorfischer,
H001068,2101,412511,RepHuffman,RepHuffman,UCJU6SP1ppp1ZhSiqZLiFgDA,1071102246,rephuffman,rephuffman,
H001052,2026,412434,RepAndyHarrisMD,AndyHarrisMD,UCvUuV7FiJfJi1yux4qozgMg,960962340,RepAndyHarris,,
P000604,2097,412506,RepDonaldPayne,DonaldPayneJr,UCTG_SeYsOgbngjv1Donyu0w,1155335864,,repdonaldpaynejr,
P000608,2113,412523,RepScottPeters,RepScottPeters,UCQK77QJxW7Xr-S3zqeMd-0g,1135486501,,repscottpeters,
C001091,2163,412576,JoaquinCastrotx,3.26421E+14,UCsRxWnFdRiV2od1O5v5nEeQ,231510077,JoaquinCastroTX,joaquincastrotx,378492005
W000815,2152,412564,RepBradWenstrup,RepBradWenstrup,UCaK7SeUvmHdHTMtF3HXb-jA,518644221,repbradwenstrup,repbradwenstrup,305496379
S001191,2099,412509,SenatorSinema,CongresswomanSinema,UC4NzhW7D4lQdukSGWmFnK9w,1080844782,repsinema,repsinema,
C001075,1925,412269,SenBillCassidy,,UCCEyGhUzxgkxFzWCY-rxz8g,1.0175E+18,SenatorBillCassidy,,
G000558,1922,412278,RepGuthrie,CongressmanGuthrie,UCdJhDw-YbdH0RHfWK0sIfiw,1908143071,BrettGuthrie,,
L000578,2100,412510,RepLaMalfa,RepLaMalfa,UCUzz1XDn862fxirervSB2Yw,1069124515,RepLaMalfa,repdouglamalfa,
C001066,1839,412195,USRepKCastor,USRepKathyCastor,UC_irxhmLqVenTFPxDxznG6g,1880674038,RepKathyCastor,,
K000367,1826,412242,SenAmyKlobuchar,,UCvdeJsDsV51tFb_hVqvtYGA,22044727,senatorklobuchar,,
C001097,2107,412517,RepCardenas,repcardenas,UCm6ug1-yvYGL0F6DvYxfFBA,1222257180,repcardenas,repcardenas,1483357690
P000607,2171,412585,RepMarkPocan,repmarkpocan,UCz5b47WER_u3dUGV_Zi70dQ,1206227149,repmarkpocan,repmarkpocan,1422301608
V000130,2112,412522,RepJuanVargas,RepJuanVargas,UCpMthf8y7bEMJH_td0dznRQ,1260172386,RepJuanVargas,repjuanvargas,
K000384,2176,412582,,SenatorKaine,UC27LgTZlUnBQoNEQFZdn9LA,,SenatorTimKaine,,
S001194,2173,412507,SenBrianSchatz,SenBrianSchatz,UC8-mSYp2WqBiB_5iwtwKfow,1262099252,senbrianschatz,,
S001168,,412212,RepSarbanes,RepSarbanes,UCCypi0IDTr-XxlAXsJCdBZQ,364415553,RepJohnSarbanes,,
B001285,,412516,RepBrownley,RepJuliaBrownley,UCFrC4Ouk5R6xQztS9PZin_A,1243902714,RepJuliaBrownley,,
M001184,2094,,RepThomasMassie,RepThomasMassie,UCpmXOtvvXC3GE8o9VxYNK7g,975200486,repthomasmassie,,
K000385,2190,,RepRobinKelly,reprobinkelly,UCLhcNPX2nNQLNzwKW0nEykg,1339931490,,reprobinkelly,
G000555,1866,,GillibrandNY,SenKirstenGillibrand,UCVEloQogVsmnkd5vxJInmYg,8.99979E+17,KirstenEGillibrand,,
R000584,1896,412322,SenatorRisch,senatorjimrisch,UCncKW8xyT5UbPNO27YuQnBA,1096059529,SenatorJamesRisch,,
B001281,2153,412565,RepBeatty,RepJoyceBeatty,UCtVl3kb7Xvt3pY7l6x-M6LA,1531521632,,repbeatty,554027718
S001203,,412742,SenTinaSmith,USSenTinaSmith,,9.41001E+17,,,
S001195,2191,412596,RepJasonSmith,repjasonsmith,UCzj9-27Lr4gcqopmZAobXXg,1623308912,RepJasonSmith,,
S000522,1071,400380,RepChrisSmith,RepChrisSmith,UCtCNUDo3-I1gsd_03ppDfZg,1289319271,USRepChrisSmith,,
M001169,1837,412194,senmurphyoffice,chrismurphyct,UCbcEa40PIFpLpdDe06n3F3Q,2853793517,senchrismurphy,,
B001288,2194,412598,SenBooker,,UC6FlymqNS1VettnVZa7goPA,2167097881,SenCoryBooker,,
C001101,2196,412600,RepKClark,CongresswomanClark,UCgaI52w7QKI8LtkSeCCmSuw,2293131060,,repkclark,
B001289,2197,412601,RepByrne,RepByrne,UCRUXmqQbrKo0T6xi_GT7TEA,2253968388,,repbyrne,944262792
N000189,2275,412660,RepNewhouse,RepNewhouse,UCllbsv_aoIaPS6W3aSonZlw,2930635215,,,
L000583,2238,412624,RepLoudermilk,reploudermilk,UC2Kfw8fjca8k3w3KpzL5tNg,2914163523,,RepLoudermilk,
C001103,2236,412622,RepBuddyCarter,congressmanbuddycarter,UCHQm49T6ikD_ioMAt50AwKQ,2973870195,,,
B001295,2243,412629,RepBost,RepBost,UCYA1psY06vSf3QadHuCrmjQ,2964877294,,,
A000370,2201,412607,RepAdams,CongresswomanAdams,UCPI9ao1Cr1nxEUD2r-usRjQ,2916086925,,repadams,
M001194,2248,412634,RepMoolenaar,RepMoolenaar,UCnMvVN4a8roZu4crE0UW2DA,2696643955,,RepMoolenaar,
S001196,2263,412648,RepStefanik,RepEliseStefanik,UCHvf42C8Vw6QnjwO2L2ukKA,2962813893,,,
R000603,2256,412641,RepDavidRouzer,RepRouzer,UCBvOxpqoGi1HlHjX9v_gHZw,834069080,,repdavidrouzer,
P000609,2221,412608,USRepGaryPalmer,CongressmanGaryPalmer,UCYZfP-cNIvlJY3AcAc9OPpQ,2861616083,,repgarypalmer,1551536636
E000294,2253,412639,RepTomEmmer,reptomemmer,,2914515430,RepTomEmmer,reptomemmer,1565640999
A000374,2244,412630,RepAbraham,CongressmanRalphAbraham,,2962891515,,,
Z000017,2261,412646,RepLeeZeldin,RepLeeZeldin,UCHzZuesCPDka2NhZO8icqzA,2750127259,,,
K000386,2264,412649,RepJohnKatko,RepJohnKatko,,2966765501,,,
W000821,2224,412610,RepWesterman,RepWesterman,UCNshPbmupCwP5a7Hi79jETQ,2852998461,,,
H001072,2223,412609,RepFrenchHill,RepFrenchHill,UCT8uWroJtkwSsCJlVg0IKvQ,2953974395,,repfrenchhill,
B001291,2270,412655,RepBrianBabin,RepBrianBabin,UCPVEZgw-VbDRbLV1MRGVQNQ,2929491549,,,
M001195,2277,412662,RepAlexMooney,CongressmanAlexMooney,UCw9CGkF4Re3areluI43TGyA,2964526557,,repalexmooney,
B001297,2233,412619,RepKenBuck,repkenbuck,UCHK7Wcwij7NoxXGTeSHUWzg,2862577383,,repkenbuck,
R000602,2262,412647,RepKathleenRice,RepKathleenRice,UCLYLmjrGtzzCFXMWPBxHAug,2970462034,,,
D000624,2251,412637,RepDebDingell,RepDebbieDingell,UCnoP3KLT-HOvzDfC1-I-9lQ,2970279814,,repdingell,
T000474,2231,412617,NormaJTorres,RepNormaTorres,UCvWY4qKP6--o3pIJY7hhKDg,236279233,,repnormatorres,
S001197,2289,412671,SenSasse,SenatorSasse,UCYaNGwcM2Dl5yDcDqS6xV2g,2962923040,,senatorsasse,1636974433
S001198,2290,412665,SenDanSullivan,SenDanSullivan,UC7tXCm8gKlAhTFo2kuf5ylw,2891210047,,sen_dansullivan,1660873387
A000372,2239,412625,reprickallen,CongressmanRickAllen,UCZPoYXHFDAV17BGLMzGAmpg,2964287128,,Rep_RickAllen,1666787116
R000605,2288,412669,SenatorRounds,SenatorMikeRounds,UC-pvzimyBdpdkcIfsicrfrQ,2955485182,,,
B001296,2267,412652,CongBoyle,CongressmanBoyle,UCMP_Anj7lz4eZuSh8GwFqQQ,4304448314,,,
H001071,2237,412623,congressmanhice,CongressmanJodyHice,UCzUMsS8DusN2QLpgweFthgQ,2975091705,,rep_hice,
A000371,2229,412615,reppeteaguilar,reppeteaguilar,UCxwbFLOlKDsXrwizV5jah7g,3018670151,,,
G000574,2226,412612,RepRubenGallego,RepRubenGallego,,2966570782,,reprubengallego,
P000612,2286,412666,sendavidperdue,SenatorDavidPerdue,UCXHsrkPP4TAm0s0qB1C31Lw,2863210809,,sendavidperdue,1650058430
P000610,2274,412659,staceyplaskett,repstaceyplaskett,UC3V7biFZHDFHDFZy6cCSZUA,2724095695,,stacey_plaskett,
W000822,2259,412644,RepBonnie,RepBonnie,UCrxEaX0VKZKwg3930du2D5A,2968451607,,repbonnie,
H001073,2269,412654,hurdonthehill,HurdOnTheHill,UCjWcn2lgGCZbwPs6lKxlziQ,2963445730,,hurdonthehill,
L000582,2230,412616,RepTedLieu,RepTedLieu,UC9qcJxTqfDNBnVul1IojlFg,3044993235,,RepTedLieu,
G000577,2245,412631,RepGarretGraves,CongressmanGarretGraves,UCQLg9GGwTDluEFJtXf8seTA,2951574214,,instagravesla,
D000623,2227,412613,RepDeSaulnier,RepMarkDeSaulnier,,2968007206,,repdesaulnier,
W000819,2255,412670,RepMarkWalker,RepMarkWalker,UC2w0KJe43jr0Hlhi6J5smhg,2966205003,,repmarkwalker,1638422078
M001196,2246,412632,teammoulton,CongressmanSethMoulton,UC5w5qn7nj5Ljy69LTV7a_fQ,3091316093,,repmoulton,
B001292,2272,412657,RepDonBeyer,RepDonBeyer,UCPJGVbOVcAVGiBwq8qr_T9w,2962868158,,repdonbeyer,
G000576,2276,412661,RepGrothman,RepGrothman,UCui4k83Cot4aeVW_8T33fgg,2976606250,,,
N000188,2202,412606,DonaldNorcross,DonaldNorcrossNJ,UC7kXK_PyDiOT8YrdP0jYZHw,3122099613,,donald_norcross,
L000581,2252,412638,RepLawrence,3.9576E+14,UCf0USy9GNigkB8O9sS1dodw,2863006655,,repbrendalawrence,
K000388,,412673,reptrentkelly,reptrentkelly,UCtDrz-8tdg4ZgOAQHToSWaQ,3317799825,,reptrentkelly,
L000585,2295,412674,RepLaHood,replahood,UCVRbtFwaBGcixZIkygtalRw,3686482216,,,
B001299,,412702,RepJimBanks,RepJimBanks,UC_FR6TySW9uxvhjozkis6Xg,8.16131E+17,,repjimbanks,
D000627,,412696,RepValDemings,RepresentativeValDemings,UCkcshqwFNJG6XeduOforhig,7.98973E+17,,repvaldemings,
B001303,,412689,RepLBR,Rep.BluntRochester,,8.1705E+17,,,
R000606,,412708,repraskin,repraskin,UChxDE6vho5BfBTOqiBsDmKg,8.06906E+17,,repraskin,
P000613,,412685,RepJimmyPanetta,RepJimmyPanetta,UCmw-aERG51C96edMDPN7fXQ,7.96737E+17,,repjimmypanetta,
C001111,,412697,repcharliecrist,RepCharlieCrist,,8.1603E+17,,repcharliecrist,
D000628,,412691,drnealdunnfl2,drnealdunnfl2,UCRTGfrYP-RuDzJ2KGok7TRA,8.15952E+17,,,
B001300,,412687,RepBarragan,CongresswomanBarragan,,8.16834E+17,,repbarragan,
B001302,,412683,RepAndyBiggsAZ,RepAndyBiggs,UCqSq9kWOxk9yNTeILBCVC1w,8.16653E+17,,repandybiggs,
M001199,,412698,repbrianmast,repbrianmast,,8.14104E+17,repbrianmast,RepBrianMast,
M001200,,412728,RepMcEachin,RepMcEachin,UCMoPYHuZ3fZho0ZixZCfiFg,8.16181E+17,,repmceachin,
D000626,2296,412675,WarrenDavidson,CongressmanWarrenDavidson,UCMzuyZWzk44YRNesFzPTeUw,7.42736E+17,,instawarrendavidson,
F000465,,412700,RepDrewFerguson,RepDrewFerguson,UCuK7_j2sREWi_7wBAN477bg,8.06584E+17,,repdrewferguson,
G000581,,412725,RepGonzalez,USCongressmanVicenteGonzalez,UC5H6oYLKQ_xIXO5CG7fh4hw,8.18536E+17,,repvicentegonzaleztx,
G000583,,412714,RepJoshG,RepJoshG,,8.15311E+17,,RepJoshG,
C001113,,412681,sencortezmasto,SenatorCortezMasto,UCip_83SiKUqwnUT57VOXrCg,8.11314E+17,,,
K000389,,412684,RepRoKhanna,RepRoKhanna,UCr4KOYv1o1oEQhy1jhhm3pQ,8.16299E+17,,reprokhanna,
G000582,,412723,repjenniffer,RepJennifferGonzalezColon,UCZj99h3-GNKjGGeyp7AJeXw,8.19745E+17,,,
M001202,,412694,RepStephMurphy,RepStephMurphy,,7.96184E+17,RepStephMurphy,RepStephMurphy,
H001074,,412703,reptrey,reptrey,UCTgS8a_zLg8HpUnk5WXY5ag,8.11986E+17,,,
A000375,,412726,RepArrington,JodeyArrington,,8.16285E+17,,repjodeyarrington,
C001109,,412732,RepLizCheney,replizcheney,UCvL57Zp99QdDllF-KGziUAA,8.1672E+17,,,
C001112,,412686,RepCarbajal,repsaludcarbajal,,8.16158E+17,repcarbajal,repcarbajal,
S001201,,412717,RepTomSuozzi,RepTomSuozzi,UCHjLmETJ7qXtciV7dlAzzgQ,8.16705E+17,,,
S001190,2124,412534,repschneider,CongressmanBradSchneider,,1071840474,RepBradSchneider,repschneider,
B001305,,412712,RepTedBudd,RepTedBudd,,8.17138E+17,,,
J000298,,412730,RepJayapal,RepJayapal,UCmyD0_-2Oowkfwc_Raghclw,8.15733E+17,,repjayapal,
F000466,,412721,repbrianfitz,repbrianfitzpatrick,UCYMNcgHss4_Q5JY2vSvMpgw,8.16303E+17,,repbrianfitz,
O000171,,412682,repohalleran,repohalleran,,8.08417E+17,,repohalleran,
R000607,,412699,RepRooney,RepRooney,UC5dLBbrW1JwIGs9h248lk6g,8.16112E+17,,RepFrancisRooney,
K000393,,412679,SenJohnKennedy,JohnKennedyLouisiana,,8.16683E+17,,SenJohnKennedy,
L000586,,412693,RepAlLawsonJr,RepAlLawsonJr,,8.18472E+17,,,
M001201,,412710,RepPaulMitchell,reppaulmitchell,UCisQXodHJRZDaLtFMq_TzWg,8.11633E+17,,reppaulmitchell,
K000391,,412701,congressmanraja,congressmanraja,,8.14179E+17,,congressmanraja,
H001076,,412680,Senatorhassan,SenatorHassan,,946549322,,,
E000297,,412718,RepEspaillat,RepEspaillat,UCi0niBYFhEY70Dz8InbX5OQ,8.17076E+17,,repadrianoespaillat,
K000392,,412724,repdavidkustoff,RepDavidKustoff,UCK6U4plOKKMrCjv_h59spGQ,8.16012E+17,,repdavidkustoff,
G000578,,412690,RepMattGaetz,CongressmanMattGaetz,UClqXcJew_A3s8qiX-T4a9CA,8.18949E+17,,Congressman_Matt_Gaetz,
S001200,,412695,RepDarrenSoto,CongressmanDarrenSoto,,8.18713E+17,repdarrensoto,RepDarrenSoto,
B001301,,412709,RepJackBergman,RepJackBergman,,8.15242E+17,RepJackBergman,RepJackBergman,
G000579,,412731,RepGallagher,RepMikeGallagher,,8.15967E+17,,,
C001108,,412676,RepJamesComer,congressmancomer,,1.27485E+18,,congressmancomer,
M001198,,412704,RepMarshall,rogermarshallmd,UCR3nOFMqBB-kRpKFwgapMaQ,7.52364E+17,,repmarshall,
E000296,,412677,RepDwightEvans,RepDwightEvans,,90639372,,repdwightevans,
R000609,,412692,RepRutherfordFL,RepRutherfordFL,,8.28977E+17,,,
J000299,,412706,RepMikeJohnson,RepMikeJohnson,UCzqBEpeIaDEfvAtsA53Fx2Q,8.2728E+17,,RepMikeJohnson,
R000608,,412715,SenJackyRosen,RepJackyRosen,,8.18554E+17,,repjackyrosen,
C001110,,412688,reploucorrea,RepLouCorrea,UCIKJJp4QJIDjnjodc23qKkw,8.15985E+17,,reploucorrea,
B001298,,412713,repdonbacon,RepDonBacon,UCR9abI1lZzAZ6HwQXc-dLFQ,8.18975E+17,,RepDonBacon,
S001199,,412722,RepSmucker,RepSmucker,UCs5iMvWy-oTHyf5HuwB7FCg,41417564,,,
H001075,,412678,SenKamalaHarris,SenatorKamalaHarris,UCe1ciA1TDa5F9K6Ufr_6Fsw,8.03694E+17,,,
H001077,,412705,RepClayHiggins,CongressmanClayHiggins,,8.43637E+17,,RepClayHiggins,
B001304,,412707,RepAnthonyBrown,RepAnthonyBrown,,8.23553E+17,RepAnthonyBrown,RepAnthonyBrown,
E000298,,412735,RepRonEstes,RepRonEstes,UC2clc28qcehIqotHQcthnWA,8.54715E+17,,RepRonEstes,
G000585,,412739,RepJimmyGomez,RepJimmyGomez,,2371339658,,,
N000190,,412738,RepRalphNorman,RepRalphNorman,,8.80481E+17,,,
L000589,,412745,RepDLesko,RepDebbieLesko,,9.96095E+17,,,
C001114,,412740,RepJohnCurtis,RepJohnCurtis,UChAQ4MD-HigmGnImSoAKBVA,9.31614E+17,,repjohncurtis,
H001079,,412743,SenHydeSmith,,UCJHxkJhGST0NTlkzJHWV03Q,9.83348E+17,,sencindyhydesmith,
L000588,,412744,RepConorLamb,RepConorLamb,UC7hX59n_ixS1Bz3f8Je02yA,9.84457E+17,,,
G000584,,412736,,RepGianforte,UCj4ocM2PHNKBbmMQF8k-wsQ,,,,
C001115,,412746,RepCloudTX,,,1.03988E+18,,,
H001080,,412800,RepDebHaaland,,,1.0807E+18,,,
A000377,,412794,RepArmstrongND,,,1.08052E+18,,,
R000616,,412759,RepHarley,,,1.07508E+18,,,
S001212,,412792,RepPeteStauber,,,1.07583E+18,,,
L000591,,412830,RepElaineLuria,,,1.08029E+18,,,
B001306,,412747,RepBalderson,,,1.03734E+18,,,
A000376,,,RepColinAllred,,,1.07836E+18,,,
C001118,,,RepBenCline,,,1.07216E+18,,,
C001122,,,RepCunningham,,,1.0802E+18,,,
D000630,,,repdelgado,,,1.08049E+18,,,
H001066,,412559,RepHorsford,,,389840566,,,
H001082,,412748,repkevinhern,,,1.06782E+18,,,
L000593,,,RepMikeLevin,,,1.07213E+18,,,
M001206,,412749,RepJoeMorelle,,,1.0646E+18,,,
N000191,,,RepJoeNeguse,,,1.07875E+18,,,
S001209,,,RepSpanberger,,,1.07877E+18,,,
S001213,,,RepBryanSteil,,,1.07521E+18,,,
W000826,,412751,RepSusanWild,,,1.06964E+18,,,
R000615,,,SenatorRomney,,,1.07869E+18,,,
M001197,,,SenMcSallyAZ,,,2964949642,,,
A000378,,,RepCindyAxne,,,1.08087E+18,,,
B001309,,,RepTimBurchett,,,1.02885E+18,,,
C001119,,,RepAngieCraig,,,1.08022E+18,,,
C001120,,,RepDanCrenshaw,,,1.08089E+18,,,
C001121,,,RepJasonCrow,,,1.08019E+18,,,
C001124,,,RepTjCox,,,1.08088E+18,,,
D000629,,,RepDavids,,,1.08052E+18,,,
B001310,,,SenatorBraun,,,1.08087E+18,,,
E000299,,,RepEscobar,,,1.07552E+18,,,
F000468,,,RepFletcher,,,1.0759E+18,,,
F000469,,,RepRussFulcher,,,1.07874E+18,,,
G000587,,,RepSylviaGarcia,,,1.08059E+18,,,
G000590,,,RepMarkGreen,,,1.08048E+18,,,
G000592,,,repgolden,,,1.08089E+18,,,
H001085,,,RepHoulahan,,,1.0529E+18,,,
H001090,,,RepJoshHarder,,,1.08085E+18,,,
J000301,,,RepDustyJohnson,,,1.07478E+18,,,
L000590,,,RepSusieLee,,,1.07906E+18,,,
L000592,,,RepAndyLevin,,,1.08028E+18,,,
M001204,,,RepMeuser,,,1.08057E+18,,,
M001209,,,RepBenMcAdams,,,196362083,,,
P000616,,,RepDeanPhillips,,,1.06131E+18,,,
P000617,,,RepPressley,,,1.08058E+18,,,
R000611,,,RepRiggleman,,,1.0805E+18,,,
R000613,,,RepMaxRose,,,1.07869E+18,,,
S001206,,,RepShalala,,,1.06058E+18,,,
S001207,,,RepSherrill,,,1.08057E+18,,,
S001208,,,RepSlotkin,,,1.0784E+18,,,
S001211,,,RepGregStanton,,,1.08089E+18,,,
S001215,,,RepHaleyStevens,,,1.07616E+18,,,
S001216,,,RepKimSchrier,,,1.08046E+18,,,
T000479,,,RepVanTaylor,,,1.07504E+18,,,
T000480,,,RepTimmons,,,1.07977E+18,,,
T000481,,,RepRashida,,,1.07977E+18,,,
T000482,,,RepLoriTrahan,,,1.0798E+18,,,
T000483,,,repdavidtrone,,,1.08057E+18,,,
T000484,,,RepTorresSmall,,,1.08083E+18,,,
U000040,,,RepUnderwood,,,1.08054E+18,,,
W000825,,,RepWexton,,,1.01782E+18,,,
W000827,,,RepRonWright,,,1.08085E+18,,,
K000368,,,RepKirkpatrick,,,1.08124E+18,,,
H001081,,,RepJahanaHayes,,,1.08209E+18,,,
F000467,,,RepFinkenauer,,,1.08126E+18,,,
D000631,,,RepDean,,,567508925,,,
C001123,,,RepGilCisneros,,,1.08099E+18,,,
B001308,,,RepBrindisi,,,1.08098E+18,,,
P000614,,,RepChrisPappas,,,1.06775E+18,,,
P000618,,,RepKatiePorter,,,1.08122E+18,,,
R000612,,,RepJohnRose,,,1.08131E+18,,,
S001205,,,RepMGS,,,1.06754E+18,,,
O000172,,,RepAOC,,,1.0791E+18,,,
M001207,,,RepDMP,,,1.08094E+18,,,
J000302,,,RepJohnJoyce,,,1.08231E+18,,,
G000591,,,RepMichaelGuest,,,1.08124E+18,,,
C001117,,,RepCasten,,,1.08347E+18,,,
H001083,,,RepKendraHorn,,,1.08302E+18,,,
M001203,,,RepMalinowski,,,1.0809E+18,,,
M001205,,,RepCarolMiller,,,1.08132E+18,,,
M001208,,,replucymcbath,,,1.08238E+18,,,
P000615,,,RepGregPence,,,1.08237E+18,,,
R000614,,,RepChipRoy,,,1.08279E+18,,,
S001214,,,RepGregSteube,,,1.08313E+18,,,
W000823,,,RepMichaelWaltz,,,1.08242E+18,,,
G000586,,,RepChuyGarcia,,,1.08243E+18,,,
H001088,,,RepHagedorn,,,1.08347E+18,,,
K000394,,,RepAndyKimNJ,,,1.07877E+18,,,
B001307,,,RepJimBaird,,,1.08632E+18,,,
G000588,,,RepAGonzalez,,,1.05438E+18,,,
G000589,,,RepLanceGooden,,,412595957,,,
R000610,,,GReschenthaler,,,4205133682,,,
S001210,,,RepRossSpano,,,1.09033E+18,,,
W000824,,,Rep_Watkins,,,1.08031E+18,,,
O000173,,,Ilhan,,,1.08233E+18,,,
C001055,,,RepEdCase,,,1.08135E+18,,,
H001089,,,SenHawleyPress,,,1.08096E+18,,,
V000133,,,CongressmanJVD,,,1.08347E+18,,,
K000395,,412843,RepFredKeller,CongressmanFredKeller,UC_IluBx9m7HWoNhEYSoPQNQ,1.13606E+18,,repfredkeller,
S001204,,412770,GuamCongressman,CongressmanMichaelF.Q.SanNicolas,UCVroMJWH3jsh4shPSlp24sw,346509049,,michael.fq.san.nicolas,
L000594,,456790,SenatorLoeffler,SenLoeffler,,1.20045E+18,,,
B001311,,412844,RepDanBishop,repdanbishop,,1.17652E+18,,,
G000061,,456792,repmikegarcia,RepMikeGarcia,,1.26253E+18,,,
M000687,,407672,RepKweisiMfume,RepKweisiMfume,,1.27621E+18,,,
M001210,,412845,RepGregMurphy,RepGregMurphy,,1.17398E+18,,,
